Cost,Sim,Switch_State_Indx,Gen1_on,Gen2_on,Batt1_mode,Batt2_mode,Batt1_power_kW,Batt2_power_kW,Timestamp
0.5937287928215003,2455,3,1,0,0,1,0.0,1.3,2025-Jan-30-21:22:02.400229
1.1757506631982226,2456,9,1,0,1,1,0.4,1.3,2025-Jan-30-21:22:02.457489
0.984872415538627,2457,3,1,1,-1,1,0.0,1.2,2025-Jan-30-21:22:02.543426
0.7207724245866639,2458,2,1,0,0,0,0.0,0.0,2025-Jan-30-21:22:02.588714
0.7207724244414657,2459,3,1,0,0,0,0.0,0.0,2025-Jan-30-21:22:02.632997
1.175750654277583,2460,9,1,0,1,1,0.5,1.6,2025-Jan-30-21:22:02.690801
0.8981526323108245,2461,7,1,1,1,1,1.7,1.2,2025-Jan-30-21:22:02.779516
0.9486992568853948,2462,5,1,1,0,1,0.0,1.3,2025-Jan-30-21:22:02.860205
0.7207724278962877,2463,6,1,0,0,-1,0.0,0.0,2025-Jan-30-21:22:02.904761
1.034999264929127,2464,3,1,1,1,-1,0.9,0.0,2025-Jan-30-21:22:02.978490
1.1625992920030483,2465,9,1,1,-1,-1,0.0,0.0,2025-Jan-30-21:22:03.074035
1.0757711430969912,2466,1,1,1,0,0,0.0,0.0,2025-Jan-30-21:22:03.144270
0.7569364602754676,2467,2,1,0,-1,0,0.0,0.0,2025-Jan-30-21:22:03.215732
0.9145190925032437,2468,0,1,0,1,1,1.8,0.8,2025-Jan-30-21:22:03.296141
1.0757509624222248,2469,7,1,1,0,1,0.0,0.6,2025-Jan-30-21:22:03.352558
1.0757509770461597,2470,5,1,1,0,0,0.0,0.0,2025-Jan-30-21:22:03.399855
1.0615941405348535,2471,4,1,1,1,1,0.8,0.1,2025-Jan-30-21:22:03.454828
1.111937100367971,2472,2,1,1,-1,0,0.0,0.0,2025-Jan-30-21:22:03.510810
0.7569364602753836,2473,7,1,0,-1,0,0.0,0.0,2025-Jan-30-21:22:03.569535
0.948734053968586,2474,1,1,1,0,1,0.0,0.9,2025-Jan-30-21:22:03.641360
1.2925893835362965,2475,0,1,0,0,-1,0.0,0.0,2025-Jan-30-21:22:03.720410
1.1625867673436139,2476,5,1,1,-1,-1,0.0,0.0,2025-Jan-30-21:22:03.778010
1.0757509770459617,2477,7,1,1,0,0,0.0,0.0,2025-Jan-30-21:22:03.821561
1.1757506662807873,2478,8,1,0,0,1,0.0,0.1,2025-Jan-30-21:22:03.877417
0.9905407295587384,2479,3,1,1,0,1,0.0,0.6,2025-Jan-30-21:22:03.920637
0.7207724277510894,2480,7,1,0,0,-1,0.0,0.0,2025-Jan-30-21:22:03.984450
1.1650024371176366,2481,0,1,0,1,-1,0.9,0.0,2025-Jan-30-21:22:04.113020
0.7207724247317727,2482,6,1,0,0,0,0.0,0.0,2025-Jan-30-21:22:04.195042
1.0757509769736244,2483,3,1,1,0,0,0.0,0.0,2025-Jan-30-21:22:04.241043
0.9487063415698757,2484,5,1,1,0,1,0.0,0.9,2025-Jan-30-21:22:04.315840
0.664072757074496,2485,6,1,0,1,0,0.4,0.0,2025-Jan-30-21:22:04.362351
0.7207724277510894,2486,7,1,0,0,-1,0.0,0.0,2025-Jan-30-21:22:04.410694
1.175750677013431,2487,8,1,0,1,1,1.5,0.5,2025-Jan-30-21:22:04.467469
1.1625867659373892,2488,5,1,1,0,-1,0.0,0.0,2025-Jan-30-21:22:04.523719
1.1148798936954598,2489,0,1,0,-1,1,0.0,1.3,2025-Jan-30-21:22:04.629591
1.0757730514544641,2490,6,1,1,0,1,0.0,1.0,2025-Jan-30-21:22:04.685157
1.1085655951940978,2491,3,1,1,-1,0,0.0,0.0,2025-Jan-30-21:22:04.740758
0.720772427896289,2492,4,1,0,-1,0,0.0,0.0,2025-Jan-30-21:22:04.785469
0.6299031905133528,2493,3,1,0,-1,1,0.0,1.1,2025-Jan-30-21:22:04.871714
1.2925893835362965,2494,0,1,0,0,-1,0.0,0.0,2025-Jan-30-21:22:04.969340
1.4337016289005402,2495,0,1,1,0,1,0.0,1.7,2025-Jan-30-21:22:05.084011
1.0757730513461259,2496,4,1,1,1,0,1.4,0.0,2025-Jan-30-21:22:05.156042
0.8075973438165706,2497,5,1,0,0,-1,0.0,0.0,2025-Jan-30-21:22:05.214403
0.9848942025428351,2498,1,1,1,-1,1,0.0,1.7,2025-Jan-30-21:22:05.378996
0.7207724245865745,2499,7,1,0,0,0,0.0,0.0,2025-Jan-30-21:22:05.426467
1.5969221544039711,2500,0,1,1,-1,0,0.0,0.0,2025-Jan-30-21:22:05.505167
0.6210509657162026,2501,3,1,0,-1,1,0.0,0.9,2025-Jan-30-21:22:05.591248
0.8437667699124402,2502,2,1,0,-1,-1,0.0,0.0,2025-Jan-30-21:22:05.660022
1.0757730648283506,2503,6,1,1,0,0,0.0,0.0,2025-Jan-30-21:22:05.703761
0.8075973466634223,2504,5,1,0,-1,-1,0.0,0.0,2025-Jan-30-21:22:05.759192
0.6516613138072558,2505,2,1,0,1,-1,1.1,0.0,2025-Jan-30-21:22:05.815601
1.2277433484182283,2506,0,1,0,-1,1,0.0,0.1,2025-Jan-30-21:22:05.892755
0.6433600228928407,2507,3,1,0,-1,1,0.0,0.8,2025-Jan-30-21:22:05.977598
0.5937338880813382,2508,4,1,0,-1,1,0.0,1.0,2025-Jan-30-21:22:06.086336
0.7427590117157548,2509,3,1,0,-1,1,0.0,0.1,2025-Jan-30-21:22:06.169433
1.2277433484182283,2510,0,1,0,-1,1,0.0,0.1,2025-Jan-30-21:22:06.254593
0.5937338880813382,2511,4,1,0,-1,1,0.0,1.0,2025-Jan-30-21:22:06.326597
1.2277433484182283,2512,0,1,0,-1,1,0.0,0.1,2025-Jan-30-21:22:06.405966
1.1425507177889038,2513,0,1,0,-1,1,0.0,0.7,2025-Jan-30-21:22:06.485912
0.6298968801586764,2514,3,1,0,-1,1,0.0,1.6,2025-Jan-30-21:22:06.572899
0.8075973467942734,2515,4,1,0,-1,-1,0.0,0.0,2025-Jan-30-21:22:06.630691
0.7137506327411989,2516,10,1,0,-1,1,0.0,0.1,2025-Jan-30-21:22:06.709419
0.7137506327411989,2517,10,1,0,-1,1,0.0,0.1,2025-Jan-30-21:22:06.788198
1.0708934930212883,2518,10,1,0,-1,1,0.0,1.1,2025-Jan-30-21:22:06.867158
1.1148798936954598,2519,0,1,0,-1,1,0.0,1.3,2025-Jan-30-21:22:06.993587
0.6859927441853465,2520,2,1,0,-1,1,0.0,0.5,2025-Jan-30-21:22:07.092025
1.114871067206746,2521,0,1,0,-1,1,0.0,1.9,2025-Jan-30-21:22:07.225134
0.621335478321519,2522,4,1,0,-1,1,0.0,0.7,2025-Jan-30-21:22:07.274564
1.114871067206746,2523,0,1,0,-1,1,0.0,1.9,2025-Jan-30-21:22:07.379333
1.0708934965243746,2524,10,1,0,-1,1,0.0,0.9,2025-Jan-30-21:22:07.460846
1.070893493707126,2525,10,1,0,-1,1,0.0,0.3,2025-Jan-30-21:22:07.541570
1.114871067206746,2526,0,1,0,-1,1,0.0,1.9,2025-Jan-30-21:22:07.646941
1.2277433484182283,2527,0,1,0,-1,1,0.0,0.1,2025-Jan-30-21:22:07.727504
0.6299011776906315,2528,1,1,0,-1,1,0.0,1.1,2025-Jan-30-21:22:07.814518
0.6299031905133528,2529,3,1,0,-1,1,0.0,1.1,2025-Jan-30-21:22:07.901102
1.1148812491284976,2530,0,1,0,-1,1,0.0,1.2,2025-Jan-30-21:22:08.046780
1.0708934965243746,2531,10,1,0,-1,1,0.0,0.9,2025-Jan-30-21:22:08.160497
0.6717853899106828,2532,1,1,0,-1,1,0.0,0.6,2025-Jan-30-21:22:08.218438
0.7427590117157548,2533,3,1,0,-1,1,0.0,0.1,2025-Jan-30-21:22:08.276410
1.114885156517734,2534,0,1,0,-1,1,0.0,0.9,2025-Jan-30-21:22:08.381546
1.2277433484182283,2535,0,1,0,-1,1,0.0,0.1,2025-Jan-30-21:22:08.461335
1.1148812491284976,2536,0,1,0,-1,1,0.0,1.2,2025-Jan-30-21:22:08.565432
0.756936446998434,2537,7,1,0,-1,1,0.0,0.5,2025-Jan-30-21:22:08.645161
1.114871067206746,2538,0,1,0,-1,1,0.0,1.9,2025-Jan-30-21:22:08.749955
0.7137506327411989,2539,10,1,0,-1,1,0.0,0.1,2025-Jan-30-21:22:08.829102
1.1993690566592212,2540,0,1,0,-1,1,0.0,0.3,2025-Jan-30-21:22:08.908928
0.7427590117157548,2541,3,1,0,-1,1,0.0,0.1,2025-Jan-30-21:22:08.994700
0.6433600230516086,2542,2,1,0,-1,1,0.0,0.8,2025-Jan-30-21:22:09.080028
0.7427590117157548,2543,3,1,0,-1,1,0.0,0.1,2025-Jan-30-21:22:09.163650
1.07089349744963,2544,10,1,0,-1,1,0.0,1.9,2025-Jan-30-21:22:09.249966
0.7137506327411989,2545,10,1,0,-1,1,0.0,0.1,2025-Jan-30-21:22:09.326240
1.2277433484182283,2546,0,1,0,-1,1,0.0,0.1,2025-Jan-30-21:22:09.404573
1.2277433484182283,2547,0,1,0,-1,1,0.0,0.1,2025-Jan-30-21:22:09.607348
0.7137506327411989,2548,10,1,0,-1,1,0.0,0.1,2025-Jan-30-21:22:09.687977
0.7207724245865745,2549,5,1,0,0,0,0.0,0.0,2025-Jan-30-21:22:09.733964
1.0708934965243746,2550,10,1,0,-1,1,0.0,0.9,2025-Jan-30-21:22:09.814567
0.6210509657162026,2551,3,1,0,-1,1,0.0,0.9,2025-Jan-30-21:22:09.910685
0.7569364471122969,2552,6,1,0,-1,1,0.0,1.9,2025-Jan-30-21:22:10.028462
0.6433600230516086,2553,2,1,0,-1,1,0.0,0.8,2025-Jan-30-21:22:10.132398
1.114871067206746,2554,0,1,0,-1,1,0.0,1.9,2025-Jan-30-21:22:10.259869
1.2049649334453785,2555,8,1,0,-1,1,0.0,1.9,2025-Jan-30-21:22:10.327227
1.07089349744963,2556,10,1,0,-1,1,0.0,1.9,2025-Jan-30-21:22:10.422032
1.207236666521711,2557,8,1,0,-1,1,0.0,1.3,2025-Jan-30-21:22:10.490038
0.7569364468746577,2558,6,1,0,-1,1,0.0,1.2,2025-Jan-30-21:22:10.586906
0.7427590117157548,2559,3,1,0,-1,1,0.0,0.1,2025-Jan-30-21:22:10.652600
1.07089349744963,2560,10,1,0,-1,1,0.0,1.9,2025-Jan-30-21:22:10.741071
1.1425507177889038,2561,0,1,0,-1,1,0.0,0.7,2025-Jan-30-21:22:10.832189
0.5937271027465774,2562,5,1,0,-1,1,0.0,1.4,2025-Jan-30-21:22:10.908806
1.1283317900769627,2563,0,1,0,-1,1,0.0,0.8,2025-Jan-30-21:22:11.009993
1.0702945125286054,2564,8,1,0,-1,1,0.0,0.1,2025-Jan-30-21:22:11.104617
0.6210509657162026,2565,3,1,0,-1,1,0.0,0.9,2025-Jan-30-21:22:11.218238
1.114871067206746,2566,0,1,0,-1,1,0.0,1.9,2025-Jan-30-21:22:11.330553
0.7494695391795565,2567,6,1,0,-1,1,0.0,0.4,2025-Jan-30-21:22:11.409772
1.2277433484182283,2568,0,1,0,-1,1,0.0,0.1,2025-Jan-30-21:22:11.493014
0.7137506327411989,2569,10,1,0,-1,1,0.0,0.1,2025-Jan-30-21:22:11.576230
1.07089349744963,2570,10,1,0,-1,1,0.0,1.9,2025-Jan-30-21:22:11.655417
1.0708934965243746,2571,10,1,0,-1,1,0.0,0.9,2025-Jan-30-21:22:11.733673
0.6298929163583997,2572,3,1,0,-1,1,0.0,1.9,2025-Jan-30-21:22:11.819185
0.7569364468867431,2573,6,1,0,-1,1,0.0,0.1,2025-Jan-30-21:22:11.896266
1.1148741130999507,2574,0,1,0,-1,1,0.0,1.7,2025-Jan-30-21:22:12.032495
0.7137506331443015,2575,10,1,0,-1,1,0.0,0.8,2025-Jan-30-21:22:12.138441
1.1757506889169853,2576,9,1,0,-1,1,0.0,0.1,2025-Jan-30-21:22:12.208788
0.6298974304028923,2577,1,1,0,-1,1,0.0,1.4,2025-Jan-30-21:22:12.301040
1.0708934950570552,2578,10,1,0,-1,1,0.0,0.6,2025-Jan-30-21:22:12.381137
0.6298981684134047,2579,3,1,0,-1,1,0.0,1.5,2025-Jan-30-21:22:12.466419
0.7137506327411989,2580,10,1,0,-1,1,0.0,0.1,2025-Jan-30-21:22:12.543483
1.0708934965243746,2581,10,1,0,-1,1,0.0,0.9,2025-Jan-30-21:22:12.624241
1.07089349744963,2582,10,1,0,-1,1,0.0,1.9,2025-Jan-30-21:22:12.701236
1.1757506684047518,2583,9,1,0,-1,1,0.0,1.9,2025-Jan-30-21:22:12.754899
0.6210500420053965,2584,2,1,0,-1,1,0.0,1.0,2025-Jan-30-21:22:12.841195
1.07089349744963,2585,10,1,0,-1,1,0.0,1.9,2025-Jan-30-21:22:12.918694
1.1148812491284976,2586,0,1,0,-1,1,0.0,1.2,2025-Jan-30-21:22:13.048884
0.6213354781593134,2587,5,1,0,-1,1,0.0,0.7,2025-Jan-30-21:22:13.122742
0.7137506327411989,2588,10,1,0,-1,1,0.0,0.1,2025-Jan-30-21:22:13.227924
1.114871067206746,2589,0,1,0,-1,1,0.0,1.9,2025-Jan-30-21:22:13.329211
1.1091336739636857,2590,0,1,0,-1,1,0.0,1.8,2025-Jan-30-21:22:13.431957
0.7001926546055643,2591,3,1,0,-1,1,0.0,0.4,2025-Jan-30-21:22:13.490206
1.2068317113351719,2592,8,1,0,-1,1,0.0,1.4,2025-Jan-30-21:22:13.552330
0.7569364469730177,2593,7,1,0,-1,1,0.0,1.9,2025-Jan-30-21:22:13.631489
1.2277433484182283,2594,0,1,0,-1,1,0.0,0.1,2025-Jan-30-21:22:13.711106
1.114871067206746,2595,0,1,0,-1,1,0.0,1.9,2025-Jan-30-21:22:13.815041
0.7569364467269762,2596,7,1,0,-1,1,0.0,1.8,2025-Jan-30-21:22:13.894378
1.2277433484182283,2597,0,1,0,-1,1,0.0,0.1,2025-Jan-30-21:22:14.152957
1.114871067206746,2598,0,1,0,-1,1,0.0,1.9,2025-Jan-30-21:22:14.299528
0.6299055867478092,2599,2,1,0,-1,1,0.0,0.9,2025-Jan-30-21:22:14.388686
1.1148825744136357,2600,0,1,0,-1,1,0.0,1.1,2025-Jan-30-21:22:14.492289
0.7569364467802334,2601,7,1,0,-1,1,0.0,1.3,2025-Jan-30-21:22:14.572533
1.2277433484182283,2602,0,1,0,-1,1,0.0,0.1,2025-Jan-30-21:22:14.653371
0.5937321893889627,2603,5,1,0,-1,1,0.0,1.1,2025-Jan-30-21:22:14.732241
1.1757506797518116,2604,9,1,0,-1,1,0.0,1.3,2025-Jan-30-21:22:14.789265
1.2277433484182283,2605,0,1,0,-1,1,0.0,0.1,2025-Jan-30-21:22:14.869976
0.5937338880813382,2606,4,1,0,-1,1,0.0,1.0,2025-Jan-30-21:22:14.944971
0.5937338880813382,2607,4,1,0,-1,1,0.0,1.0,2025-Jan-30-21:22:15.035387
1.114871067206746,2608,0,1,0,-1,1,0.0,1.9,2025-Jan-30-21:22:15.211178
0.7569364469730177,2609,7,1,0,-1,1,0.0,1.9,2025-Jan-30-21:22:15.318189
0.5937186528393397,2610,4,1,0,-1,1,0.0,1.9,2025-Jan-30-21:22:15.393515
1.07089349744963,2611,10,1,0,-1,1,0.0,1.9,2025-Jan-30-21:22:15.473685
1.1709714391413972,2612,0,1,0,-1,1,0.0,0.5,2025-Jan-30-21:22:15.553552
1.07089349744963,2613,10,1,0,-1,1,0.0,1.9,2025-Jan-30-21:22:15.633484
1.07089349744963,2614,10,1,0,-1,1,0.0,1.9,2025-Jan-30-21:22:15.713184
1.07089349744963,2615,10,1,0,-1,1,0.0,1.9,2025-Jan-30-21:22:15.792165
1.114871067206746,2616,0,1,0,-1,1,0.0,1.9,2025-Jan-30-21:22:15.894944
1.1757506684047518,2617,9,1,0,-1,1,0.0,1.9,2025-Jan-30-21:22:15.950365
1.114871067206746,2618,0,1,0,-1,1,0.0,1.9,2025-Jan-30-21:22:16.090872
1.114871067206746,2619,0,1,0,-1,1,0.0,1.9,2025-Jan-30-21:22:16.232718
1.07089349744963,2620,10,1,0,-1,1,0.0,1.9,2025-Jan-30-21:22:16.313876
1.114871067206746,2621,0,1,0,-1,1,0.0,1.9,2025-Jan-30-21:22:16.418415
1.1283317900769627,2622,0,1,0,-1,1,0.0,0.8,2025-Jan-30-21:22:16.498747
1.114871067206746,2623,0,1,0,-1,1,0.0,1.9,2025-Jan-30-21:22:16.603070
0.7137506327411989,2624,10,1,0,-1,1,0.0,0.1,2025-Jan-30-21:22:16.684524
0.7569364471122969,2625,6,1,0,-1,1,0.0,1.9,2025-Jan-30-21:22:16.765007
1.156763962120217,2626,0,1,0,-1,1,0.0,0.6,2025-Jan-30-21:22:16.845928
0.6298929165193906,2627,2,1,0,-1,1,0.0,1.9,2025-Jan-30-21:22:16.932256
1.070893493707126,2628,10,1,0,-1,1,0.0,0.3,2025-Jan-30-21:22:17.043643
1.07089349744963,2629,10,1,0,-1,1,0.0,1.9,2025-Jan-30-21:22:17.146017
1.114871067206746,2630,0,1,0,-1,1,0.0,1.9,2025-Jan-30-21:22:17.252725
0.7569364467802334,2631,7,1,0,-1,1,0.0,1.3,2025-Jan-30-21:22:17.347544
0.5937186528393397,2632,4,1,0,-1,1,0.0,1.9,2025-Jan-30-21:22:17.422488
1.2049649334453785,2633,8,1,0,-1,1,0.0,1.9,2025-Jan-30-21:22:17.479693
1.07089349744963,2634,10,1,0,-1,1,0.0,1.9,2025-Jan-30-21:22:17.557619
1.07089349744963,2635,10,1,0,-1,1,0.0,1.9,2025-Jan-30-21:22:17.637922
1.07089349744963,2636,10,1,0,-1,1,0.0,1.9,2025-Jan-30-21:22:17.719083
1.07089349744963,2637,10,1,0,-1,1,0.0,1.9,2025-Jan-30-21:22:17.797240
1.07089349744963,2638,10,1,0,-1,1,0.0,1.9,2025-Jan-30-21:22:17.995757
0.5937186528393397,2639,4,1,0,-1,1,0.0,1.9,2025-Jan-30-21:22:18.106474
1.114871067206746,2640,0,1,0,-1,1,0.0,1.9,2025-Jan-30-21:22:18.237054
0.7137506320016025,2641,10,1,0,-1,1,0.0,1.4,2025-Jan-30-21:22:18.318505
1.2049649334453785,2642,8,1,0,-1,1,0.0,1.9,2025-Jan-30-21:22:18.377207
1.07089349744963,2643,10,1,0,-1,1,0.0,1.9,2025-Jan-30-21:22:18.457533
1.1091371717375074,2644,0,1,0,-1,1,0.0,1.5,2025-Jan-30-21:22:18.559484
0.5937186526724719,2645,5,1,0,-1,1,0.0,1.9,2025-Jan-30-21:22:18.633649
1.07089349744963,2646,10,1,0,-1,1,0.0,1.9,2025-Jan-30-21:22:18.714702
0.7569364469730177,2647,7,1,0,-1,1,0.0,1.9,2025-Jan-30-21:22:18.791722
1.1993690566592212,2648,0,1,0,-1,1,0.0,0.3,2025-Jan-30-21:22:18.870473
1.07089349744963,2649,10,1,0,-1,1,0.0,1.9,2025-Jan-30-21:22:18.972043
0.7137506327411989,2650,10,1,0,-1,1,0.0,0.1,2025-Jan-30-21:22:19.082196
0.6299031906743668,2651,2,1,0,-1,1,0.0,1.1,2025-Jan-30-21:22:19.197575
1.1148785024206922,2652,0,1,0,-1,1,0.0,1.4,2025-Jan-30-21:22:19.304168
1.1091371717375074,2653,0,1,0,-1,1,0.0,1.5,2025-Jan-30-21:22:19.409275
1.07089349744963,2654,10,1,0,-1,1,0.0,1.9,2025-Jan-30-21:22:19.487368
1.2049649334453785,2655,8,1,0,-1,1,0.0,1.9,2025-Jan-30-21:22:19.545463
1.1148812491284976,2656,0,1,0,-1,1,0.0,1.2,2025-Jan-30-21:22:19.648753
0.6433600228928407,2657,3,1,0,-1,1,0.0,0.8,2025-Jan-30-21:22:19.709499
1.0708934962779817,2658,10,1,0,-1,1,0.0,1.8,2025-Jan-30-21:22:19.788704
1.114871067206746,2659,0,1,0,-1,1,0.0,1.9,2025-Jan-30-21:22:19.891455
1.2049649334453785,2660,8,1,0,-1,1,0.0,1.9,2025-Jan-30-21:22:19.961778
1.114871067206746,2661,0,1,0,-1,1,0.0,1.9,2025-Jan-30-21:22:20.096005
1.07089349744963,2662,10,1,0,-1,1,0.0,1.9,2025-Jan-30-21:22:20.195250
1.07089349744963,2663,10,1,0,-1,1,0.0,1.9,2025-Jan-30-21:22:20.283909
1.114871067206746,2664,0,1,0,-1,1,0.0,1.9,2025-Jan-30-21:22:20.397520
1.07089349744963,2665,10,1,0,-1,1,0.0,1.9,2025-Jan-30-21:22:20.479050
1.114871067206746,2666,0,1,0,-1,1,0.0,1.9,2025-Jan-30-21:22:20.583653
1.114871067206746,2667,0,1,0,-1,1,0.0,1.9,2025-Jan-30-21:22:20.690336
1.07089349744963,2668,10,1,0,-1,1,0.0,1.9,2025-Jan-30-21:22:20.771444
1.07089349744963,2669,10,1,0,-1,1,0.0,1.9,2025-Jan-30-21:22:20.852595
1.07089349744963,2670,10,1,0,-1,1,0.0,1.9,2025-Jan-30-21:22:20.932774
1.07089349744963,2671,10,1,0,-1,1,0.0,1.9,2025-Jan-30-21:22:21.038998
1.1148812491284976,2672,0,1,0,-1,1,0.0,1.2,2025-Jan-30-21:22:21.190674
1.07089349744963,2673,10,1,0,-1,1,0.0,1.9,2025-Jan-30-21:22:21.274674
1.114871067206746,2674,0,1,0,-1,1,0.0,1.9,2025-Jan-30-21:22:21.382153
1.114871067206746,2675,0,1,0,-1,1,0.0,1.9,2025-Jan-30-21:22:21.489313
1.07089349744963,2676,10,1,0,-1,1,0.0,1.9,2025-Jan-30-21:22:21.569821
0.6298929163583997,2677,3,1,0,-1,1,0.0,1.9,2025-Jan-30-21:22:21.657816
0.6298929165193906,2678,2,1,0,-1,1,0.0,1.9,2025-Jan-30-21:22:21.745612
1.114871067206746,2679,0,1,0,-1,1,0.0,1.9,2025-Jan-30-21:22:21.850717
1.114871067206746,2680,0,1,0,-1,1,0.0,1.9,2025-Jan-30-21:22:21.972660
1.114871067206746,2681,0,1,0,-1,1,0.0,1.9,2025-Jan-30-21:22:22.135153
1.07089349744963,2682,10,1,0,-1,1,0.0,1.9,2025-Jan-30-21:22:22.240270
0.6298929165193906,2683,2,1,0,-1,1,0.0,1.9,2025-Jan-30-21:22:22.330483
1.114871067206746,2684,0,1,0,-1,1,0.0,1.9,2025-Jan-30-21:22:22.436694
1.114871067206746,2685,0,1,0,-1,1,0.0,1.9,2025-Jan-30-21:22:22.541361
0.5937186528393397,2686,4,1,0,-1,1,0.0,1.9,2025-Jan-30-21:22:22.616805
1.07089349744963,2687,10,1,0,-1,1,0.0,1.9,2025-Jan-30-21:22:22.822746
0.5937186528393397,2688,4,1,0,-1,1,0.0,1.9,2025-Jan-30-21:22:22.899124
0.5937186526724719,2689,5,1,0,-1,1,0.0,1.9,2025-Jan-30-21:22:23.009426
1.114871067206746,2690,0,1,0,-1,1,0.0,1.9,2025-Jan-30-21:22:23.172853
1.070893495646785,2691,10,1,0,-1,1,0.0,1.5,2025-Jan-30-21:22:23.263745
0.6298929163583997,2692,3,1,0,-1,1,0.0,1.9,2025-Jan-30-21:22:23.350482
1.07089349744963,2693,10,1,0,-1,1,0.0,1.9,2025-Jan-30-21:22:23.429715
1.1091336739636857,2694,0,1,0,-1,1,0.0,1.8,2025-Jan-30-21:22:23.533859
0.5937186528393397,2695,4,1,0,-1,1,0.0,1.9,2025-Jan-30-21:22:23.610511
1.114871067206746,2696,0,1,0,-1,1,0.0,1.9,2025-Jan-30-21:22:23.717013
1.114871067206746,2697,0,1,0,-1,1,0.0,1.9,2025-Jan-30-21:22:23.824125
1.07089349744963,2698,10,1,0,-1,1,0.0,1.9,2025-Jan-30-21:22:23.907985
1.114871067206746,2699,0,1,0,-1,1,0.0,1.9,2025-Jan-30-21:22:24.061042
0.7137506327411989,2700,10,1,0,-1,1,0.0,0.1,2025-Jan-30-21:22:24.181859
1.07089349744963,2701,10,1,0,-1,1,0.0,1.9,2025-Jan-30-21:22:24.267003
1.07089349744963,2702,10,1,0,-1,1,0.0,1.9,2025-Jan-30-21:22:24.346939
0.5937186528393397,2703,4,1,0,-1,1,0.0,1.9,2025-Jan-30-21:22:24.422824
1.114871067206746,2704,0,1,0,-1,1,0.0,1.9,2025-Jan-30-21:22:24.528051
1.114871067206746,2705,0,1,0,-1,1,0.0,1.9,2025-Jan-30-21:22:24.635357
1.07089349744963,2706,10,1,0,-1,1,0.0,1.9,2025-Jan-30-21:22:24.715474
1.07089349744963,2707,10,1,0,-1,1,0.0,1.9,2025-Jan-30-21:22:24.794685
0.7569364471122969,2708,6,1,0,-1,1,0.0,1.9,2025-Jan-30-21:22:24.876170
0.7569364471122969,2709,6,1,0,-1,1,0.0,1.9,2025-Jan-30-21:22:24.964191
0.7569364471122969,2710,6,1,0,-1,1,0.0,1.9,2025-Jan-30-21:22:25.077602
0.7569364471122969,2711,6,1,0,-1,1,0.0,1.9,2025-Jan-30-21:22:25.191869
0.7569364471122969,2712,6,1,0,-1,1,0.0,1.9,2025-Jan-30-21:22:25.274547
1.2049649334453785,2713,8,1,0,-1,1,0.0,1.9,2025-Jan-30-21:22:25.338891
1.0708934962779817,2714,10,1,0,-1,1,0.0,1.8,2025-Jan-30-21:22:25.418117
1.114871067206746,2715,0,1,0,-1,1,0.0,1.9,2025-Jan-30-21:22:25.519494
0.6298909003796823,2716,1,1,0,-1,1,0.0,1.9,2025-Jan-30-21:22:25.604935
1.07089349744963,2717,10,1,0,-1,1,0.0,1.9,2025-Jan-30-21:22:25.686170
1.114871067206746,2718,0,1,0,-1,1,0.0,1.9,2025-Jan-30-21:22:25.789877
1.114871067206746,2719,0,1,0,-1,1,0.0,1.9,2025-Jan-30-21:22:25.894060
1.114871067206746,2720,0,1,0,-1,1,0.0,1.9,2025-Jan-30-21:22:26.020196
1.07089349744963,2721,10,1,0,-1,1,0.0,1.9,2025-Jan-30-21:22:26.125425
1.1757506684047518,2722,9,1,0,-1,1,0.0,1.9,2025-Jan-30-21:22:26.196218
1.07089349744963,2723,10,1,0,-1,1,0.0,1.9,2025-Jan-30-21:22:26.283724
1.07089349744963,2724,10,1,0,-1,1,0.0,1.9,2025-Jan-30-21:22:26.367034
1.114871067206746,2725,0,1,0,-1,1,0.0,1.9,2025-Jan-30-21:22:26.473381
1.114871067206746,2726,0,1,0,-1,1,0.0,1.9,2025-Jan-30-21:22:26.576880
1.07089349744963,2727,10,1,0,-1,1,0.0,1.9,2025-Jan-30-21:22:26.754524
0.5937186526724719,2728,5,1,0,-1,1,0.0,1.9,2025-Jan-30-21:22:26.831711
1.07089349744963,2729,10,1,0,-1,1,0.0,1.9,2025-Jan-30-21:22:26.910869
1.07089349744963,2730,10,1,0,-1,1,0.0,1.9,2025-Jan-30-21:22:27.010919
0.6298929165193906,2731,2,1,0,-1,1,0.0,1.9,2025-Jan-30-21:22:27.129398
1.0708934962779817,2732,10,1,0,-1,1,0.0,1.8,2025-Jan-30-21:22:27.223970
1.07089349744963,2733,10,1,0,-1,1,0.0,1.9,2025-Jan-30-21:22:27.303397
1.114871067206746,2734,0,1,0,-1,1,0.0,1.9,2025-Jan-30-21:22:27.409034
1.2049649334453785,2735,8,1,0,-1,1,0.0,1.9,2025-Jan-30-21:22:27.465975
1.07089349744963,2736,10,1,0,-1,1,0.0,1.9,2025-Jan-30-21:22:27.546076
0.6298929165193906,2737,2,1,0,-1,1,0.0,1.9,2025-Jan-30-21:22:27.633614
1.07089349744963,2738,10,1,0,-1,1,0.0,1.9,2025-Jan-30-21:22:27.713569
0.7569364471122969,2739,6,1,0,-1,1,0.0,1.9,2025-Jan-30-21:22:27.792808
1.07089349744963,2740,10,1,0,-1,1,0.0,1.9,2025-Jan-30-21:22:27.875897
1.07089349744963,2741,10,1,0,-1,1,0.0,1.9,2025-Jan-30-21:22:27.982557
1.114871067206746,2742,0,1,0,-1,1,0.0,1.9,2025-Jan-30-21:22:28.133690
1.07089349744963,2743,10,1,0,-1,1,0.0,1.9,2025-Jan-30-21:22:28.224514
0.7569364468662557,2744,6,1,0,-1,1,0.0,1.8,2025-Jan-30-21:22:28.308105
1.07089349744963,2745,10,1,0,-1,1,0.0,1.9,2025-Jan-30-21:22:28.388546
0.7569364471122969,2746,6,1,0,-1,1,0.0,1.9,2025-Jan-30-21:22:28.469264
1.07089349744963,2747,10,1,0,-1,1,0.0,1.9,2025-Jan-30-21:22:28.548522
1.114871067206746,2748,0,1,0,-1,1,0.0,1.9,2025-Jan-30-21:22:28.653180
0.6298929165193906,2749,2,1,0,-1,1,0.0,1.9,2025-Jan-30-21:22:28.739927
1.2049649334453785,2750,8,1,0,-1,1,0.0,1.9,2025-Jan-30-21:22:28.799311
0.5937186528393397,2751,4,1,0,-1,1,0.0,1.9,2025-Jan-30-21:22:28.875000
1.07089349744963,2752,10,1,0,-1,1,0.0,1.9,2025-Jan-30-21:22:28.970967
1.114871067206746,2753,0,1,0,-1,1,0.0,1.9,2025-Jan-30-21:22:29.121906
1.07089349744963,2754,10,1,0,-1,1,0.0,1.9,2025-Jan-30-21:22:29.224414
1.07089349744963,2755,10,1,0,-1,1,0.0,1.9,2025-Jan-30-21:22:29.313057
1.114871067206746,2756,0,1,0,-1,1,0.0,1.9,2025-Jan-30-21:22:29.419949
1.07089349744963,2757,10,1,0,-1,1,0.0,1.9,2025-Jan-30-21:22:29.498944
1.07089349744963,2758,10,1,0,-1,1,0.0,1.9,2025-Jan-30-21:22:29.577387
0.5937186528393397,2759,4,1,0,-1,1,0.0,1.9,2025-Jan-30-21:22:29.649728
1.07089349744963,2760,10,1,0,-1,1,0.0,1.9,2025-Jan-30-21:22:29.726803
1.07089349744963,2761,10,1,0,-1,1,0.0,1.9,2025-Jan-30-21:22:29.807732
0.6298929165193906,2762,2,1,0,-1,1,0.0,1.9,2025-Jan-30-21:22:29.894893
0.7569364471122969,2763,6,1,0,-1,1,0.0,1.9,2025-Jan-30-21:22:29.994185
0.7569364471122969,2764,6,1,0,-1,1,0.0,1.9,2025-Jan-30-21:22:30.107834
0.7569364471122969,2765,6,1,0,-1,1,0.0,1.9,2025-Jan-30-21:22:30.205957
0.5937186526724719,2766,5,1,0,-1,1,0.0,1.9,2025-Jan-30-21:22:30.280093
0.7569364471122969,2767,6,1,0,-1,1,0.0,1.9,2025-Jan-30-21:22:30.362154
